date,initiated_volume,proved_volume,finalized_volume,deposited_volume,daily_difference,cumulative_initiated,cumulative_proved,cumulative_finalized,cumulative_deposited
2023-07-11,0.3703703670370371,0.0,0.0,0.75,0.3796296329629629,0.3703703670370371,0.0,0.0,0.75
2023-07-12,0.0234567890123457,0.0234567890123457,0.0234567890123457,0.0,-0.0234567890123457,0.3938271560493828,0.0234567890123457,0.0234567890123457,0.75
2023-07-27,2.2724999999999813,0.0,0.0,145.78983451389962,143.51733451389964,2.666327156049364,0.0234567890123457,0.0234567890123457,146.53983451389962
2023-07-28,15.614599999999355,0.0,0.0,211.95323832172377,196.33863832172443,18.28092715604872,0.0234567890123457,0.0234567890123457,358.49307283562337
2023-07-30,2451.510514644773,947.7559999987575,462.31999999972453,166702.27508897873,164250.76457433397,2469.7914418008218,947.7794567877698,462.3434567887369,167060.76816181434
2023-07-31,1214252.2537391826,1210159.2906717209,1203128.9640676097,362731.8761979184,-851520.3775412643,1216722.0451809834,1211107.0701285086,1203591.3075243984,529792.6443597327
2023-08-01,701623.9879997493,701178.4097495048,700335.7107495973,39030.14115401206,-662593.8468457372,1918346.0331807327,1912285.4798780135,1903927.0182739957,568822.7855137448
2023-08-02,19704.43387115696,18421.572776629782,18406.252751629654,56640.55825505565,36936.124383898685,1938050.4670518897,1930707.0526546433,1922333.2710256253,625463.3437688005
2023-08-03,57845471.72429338,57760001.23215694,57578898.03871059,2152802.6729946802,-55692669.0512987,59783522.191345274,59690708.284811586,59501231.309736215,2778266.016763481
2023-08-04,28087352.09407001,28002347.601218905,27942117.320646185,1796300.9190914587,-26291051.17497855,87870874.28541529,87693055.8860305,87443348.6303824,4574566.93585494
2023-08-05,7224632.670579782,7098557.885197257,7057216.271422885,1886629.2884852698,-5338003.382094512,95095506.95599507,94791613.77122775,94500564.90180528,6461196.22434021
2023-08-06,118482381.19485562,117995812.5009981,117957762.63273613,2032976.5153354097,-116449404.6795202,213577888.15085068,212787426.27222586,212458327.53454143,8494172.739675619
2023-08-07,3987187.4235550226,3932749.1755298926,3729853.2909660963,2205018.9457436716,-1782168.477811351,217565075.5744057,216720175.44775575,216188180.82550752,10699191.685419291
2023-08-08,9847738.040630033,9760151.194016045,9737139.90088301,1797512.2384393,-8050225.802190733,227412813.61503574,226480326.6417718,225925320.72639054,12496703.92385859
2023-08-09,14027071.938133694,13960585.293488353,13906236.226684496,2594524.8991141655,-11432547.039019529,241439885.55316943,240440911.93526015,239831556.95307505,15091228.822972756
2023-08-10,48870657.903833844,48655522.713879876,48606956.699743316,3914018.5503641367,-44956639.35346971,290310543.4570033,289096434.64914,288438513.6528184,19005247.373336893
2023-08-11,43176590.06562514,43004379.58934677,42819316.784946725,3383761.6482148063,-39792828.41741033,333487133.5226284,332100814.23848677,331257830.4377651,22389009.0215517
2023-08-12,1611588.5981927202,1439619.584609805,1413518.668685727,1742275.6965824403,130687.09838972008,335098722.1208211,333540433.8230966,332671349.10645086,24131284.71813414
2023-08-13,23907530.36343177,23853842.4424278,23823795.66340301,1181040.5704201716,-22726489.7930116,359006252.48425287,357394276.2655244,356495144.7698539,25312325.28855431
2023-08-14,3676492.724058992,3641203.56665094,3601741.3707968313,1358497.6821536478,-2317995.0419053445,362682745.20831186,361035479.8321753,360096886.14065075,26670822.97070796
2023-08-15,7735738.56299338,7694151.343299625,7674380.382414364,1519584.5381920575,-6216154.024801323,370418483.77130526,368729631.17547494,367771266.5230651,28190407.508900017
2023-08-16,5324919.663469835,5297844.242174578,5285405.784201669,766381.4654610042,-4558538.198008831,375743403.4347751,374027475.4176495,373056672.3072668,28956788.97436102
2023-08-17,8902215.890766993,8798211.09948459,8780296.892714353,506961.34556814795,-8395254.545198845,384645619.3255421,382825686.5171341,381836969.19998115,29463750.319929168
2023-08-18,20426514.694174528,20394081.7743392,20381320.220132947,550990.0091916063,-19875524.684982922,405072134.0197166,403219768.29147327,402218289.4201141,30014740.329120774
2023-08-19,2550745.944198851,2448579.2837997335,2438140.844843306,2010299.0488461659,-540446.8953526851,407622879.96391547,405668347.575273,404656430.2649574,32025039.37796694
2023-08-20,3253320.685715641,2910317.381848893,2833053.486204626,2276834.511253175,-976486.174462466,410876200.6496311,408578664.95712185,407489483.75116205,34301873.88922012
2023-08-21,4820312.148713345,4680031.876158742,4585411.334471427,3267298.1164949774,-1553014.0322183673,415696512.79834443,413258696.83328056,412074895.08563346,37569172.005715095
2023-08-22,11653836.130125996,11555241.952521129,11410097.409873677,1013080.1847444979,-10640755.945381498,427350348.92847043,424813938.7858017,423484992.4955071,38582252.190459594
2023-08-23,10545516.151385676,10485634.184926689,10464765.886687296,612897.8892272741,-9932618.262158401,437895865.0798561,435299572.9707284,433949758.3821944,39195150.079686865
2023-08-24,5950984.859882656,5894591.726345721,5889139.762173194,570865.0242838247,-5380119.835598831,443846849.93973875,441194164.6970741,439838898.1443676,39766015.10397069
2023-08-25,6753080.951140885,6701812.994108957,6680941.342989283,559375.7761949267,-6193705.174945959,450599930.89087963,447895977.6911831,446519839.48735684,40325390.88016562
2023-08-26,10563674.019027058,10523936.689805122,10508060.746648734,508264.9792972422,-10055409.039729815,461163604.9099067,458419914.38098824,457027900.2340056,40833655.859462865
2023-08-27,4380082.644853025,4331824.667809933,4330756.552624897,416024.403327448,-3964058.241525577,465543687.5547597,462751739.0487982,461358656.78663045,41249680.262790315
2023-08-28,2907398.9029063275,2865864.3339194986,2860301.7069695015,334093.6638014503,-2573305.239104877,468451086.457666,465617603.3827177,464218958.49359995,41583773.92659177
2023-08-29,6901311.215785706,6876790.938716905,6868173.616390603,460486.4699927773,-6440824.745792929,475352397.67345166,472494394.3214346,471087132.10999054,42044260.39658455
2023-08-30,3280656.38286047,3251659.2907491885,3264594.581700979,554928.7192790111,-2725727.663581459,478633054.05631214,475746053.6121838,474351726.6916915,42599189.11586356
2023-08-31,6733661.685562613,6715432.9323591385,6709778.244600836,1552770.792283668,-5180890.893278945,485366715.74187475,482461486.54454297,481061504.93629235,44151959.90814723
2023-09-01,26795018.57915228,26770751.422846884,26765876.582526222,453386.4411569367,-26341632.137995344,512161734.32102704,509232237.9673898,507827381.51881856,44605346.34930417
2023-09-02,5327866.9897314655,5320537.493974833,5317725.473360159,447235.7042587873,-4880631.285472678,517489601.31075853,514552775.4613646,513145106.99217874,45052582.053562954
2023-09-03,1687699.5894828537,1684724.3998478316,1684124.0438584748,271568.25809443806,-1416131.3313884155,519177300.9002414,516237499.86121243,514829231.0360372,45324150.31165739
2023-09-04,4223284.909829607,4217258.192618998,4213821.959784034,314988.4630910961,-3908296.4467385113,523400585.810071,520454758.05383146,519043052.99582124,45639138.77474849
2023-09-05,3650462.9165510093,3640167.8175362847,3634611.8739350843,227326.9745980605,-3423135.941952949,527051048.726622,524094925.87136775,522677664.86975634,45866465.74934655
2023-09-06,4256100.485113512,4247565.684136523,4246164.604444874,278467.30224879074,-3977633.182864721,531307149.2117355,528342491.55550426,526923829.4742012,46144933.05159534
2023-09-07,4491737.108016583,4484276.668778605,4482391.682923277,339996.742620304,-4151740.365396279,535798886.3197521,532826768.22428286,531406221.15712446,46484929.79421564
2023-09-08,4676326.503792609,4671843.783913037,4671187.0918498915,328840.3538428154,-4347486.149949794,540475212.8235447,537498612.0081959,536077408.2489743,46813770.14805846
2023-09-09,5327484.405786489,5308293.723012233,5306218.179229033,1120542.7860724016,-4206941.619714088,545802697.2293313,542806905.7312081,541383626.4282033,47934312.93413086
2023-09-10,5614576.44865731,5591287.021962461,5586615.490943034,696054.4079966337,-4918522.040660676,551417273.6779885,548398192.7531705,546970241.9191464,48630367.342127495
2023-09-11,9552567.92051206,9535066.159849297,9529800.791207926,499657.0872014666,-9052910.833310593,560969841.5985006,557933258.9130198,556500042.7103543,49130024.42932896
2023-09-12,10715829.488564337,10702756.810785273,10655690.07089774,828083.661655001,-9887745.826909335,571685671.087065,568636015.7238051,567155732.781252,49958108.090983965
2023-09-13,15344804.494293328,15314745.747709086,15309076.297679134,999780.1632942203,-14345024.330999108,587030475.5813583,583950761.4715141,582464809.0789312,50957888.25427818
2023-09-14,3896264.389696539,3888058.420097005,3873172.824498645,901063.3543529481,-2995201.0353435907,590926739.9710549,587838819.8916111,586337981.9034299,51858951.608631134
2023-09-15,10117910.126161933,10107964.176408855,10106538.69555498,481429.746356936,-9636480.379804997,601044650.0972168,597946784.06802,596444520.5989848,52340381.35498807
2023-09-16,4254890.54752928,4242231.163426522,4240255.749682027,433919.38585183606,-3820971.1616774444,605299540.6447461,602189015.2314465,600684776.3486669,52774300.740839906
2023-09-17,2187733.3052001703,2167766.8482237756,2165990.7493338794,587919.9865296884,-1599813.318670482,607487273.9499463,604356782.0796703,602850767.0980008,53362220.72736959
2023-09-18,8017680.283010805,8003630.135742381,8000919.683340842,579225.3538225341,-7438454.929188271,615504954.2329571,612360412.2154127,610851686.7813416,53941446.08119213
2023-09-19,4359752.980368119,4348816.50690561,4340247.444951982,538448.7067937389,-3821304.2735743797,619864707.2133253,616709228.7223183,615191934.2262936,54479894.78798587
2023-09-20,6266289.40036412,6244350.409259088,6240661.251609249,485576.9230923585,-5780712.477271761,626130996.6136894,622953579.1315774,621432595.4779028,54965471.71107823
2023-09-21,14420912.495909292,14402852.456404872,14401338.122849058,364301.998786475,-14056610.497122817,640551909.1095988,637356431.5879823,635833933.6007519,55329773.7098647
2023-09-22,11880073.222472843,11871662.486536082,11868326.61697064,296260.2534100192,-11583812.969062824,652431982.3320715,649228094.0745183,647702260.2177225,55626033.96327472
2023-09-23,4199144.818543255,4169555.693010658,4165658.5585684264,478177.8434500146,-3720966.975093241,656631127.1506147,653397649.767529,651867918.776291,56104211.806724735
2023-09-24,316515.5638846443,308385.6208269443,305782.6743271399,477112.74319583265,160597.17931118835,656947642.7144994,653706035.388356,652173701.4506181,56581324.54992057
2023-09-25,7624850.951411219,7618177.84597086,7615871.122857452,551821.3497858976,-7073029.601625321,664572493.6659106,661324213.2343268,659789572.5734756,57133145.89970646
2023-09-26,7569101.604571716,7550802.473283586,7542678.052325745,595384.6106453363,-6973716.99392638,672141595.2704823,668875015.7076104,667332250.6258013,57728530.5103518
2023-09-27,5395454.426891876,5343327.578712383,5342790.032088406,717991.1921969476,-4677463.234694929,677537049.6973742,674218343.2863227,672675040.6578897,58446521.70254875
2023-09-28,1497428.113647367,1485436.5207149757,1484732.9991384146,689682.4416126645,-807745.6720347026,679034477.8110216,675703779.8070377,674159773.6570281,59136204.14416141
2023-09-29,4905050.920407275,4901839.1003594035,4896563.998379367,736859.3220546478,-4168191.598352627,683939528.7314289,680605618.9073972,679056337.6554074,59873063.46621606
2023-09-30,1277962.1191117414,1271293.7058010392,1269908.454442333,502273.5071094669,-775688.6120022745,685217490.8505406,681876912.6131982,680326246.1098498,60375336.97332552
2023-10-01,6118182.260747419,6109404.907458263,6106867.076384566,667606.0826979193,-5450576.178049499,691335673.1112881,687986317.5206565,686433113.1862344,61042943.05602344
2023-10-02,1885416.114002676,1867033.322838663,1865280.328363628,550093.4641840394,-1335322.6498186365,693221089.2252908,689853350.8434951,688298393.514598,61593036.52020748
2023-10-03,5166975.481463476,5154127.025732813,5152179.398206397,409754.51299098774,-4757220.968472488,698388064.7067542,695007477.8692279,693450572.9128044,62002791.03319847
2023-10-04,3025408.7640349553,2998070.2322643166,2992032.6545898155,796180.8006984482,-2229227.963336507,701413473.4707892,698005548.1014922,696442605.5673941,62798971.83389692
2023-10-05,1899916.654680487,1890109.256240432,1880720.513591524,417102.3644725209,-1482814.2902079662,703313390.1254697,699895657.3577327,698323326.0809857,63216074.19836944
2023-10-06,2353690.133160818,2347936.825714091,2342843.6037938097,228570.00111029492,-2125120.132050523,705667080.2586305,702243594.1834468,700666169.6847795,63444644.19947974
2023-10-07,4076641.170445222,4054186.7076957687,4051296.5090975934,278138.7885730976,-3798502.3818721245,709743721.4290757,706297780.8911425,704717466.1938771,63722782.98805284
2023-10-08,759353.8032646595,747564.5864434981,746717.3817923027,320888.78370561055,-438465.01955904893,710503075.2323403,707045345.477586,705464183.5756694,64043671.771758445
2023-10-09,1140296.9343022367,1087342.5012082565,1075028.5970126241,424534.42203396175,-715762.5122682749,711643372.1666425,708132687.9787943,706539212.172682,64468206.1937924
2023-10-10,1304239.484981627,1300107.3259409321,1294713.6293938903,353633.9470215204,-950605.5379601065,712947611.6516242,709432795.3047353,707833925.802076,64821840.140813924
2023-10-11,3019243.9080845774,3007874.4630099284,3007762.689909356,195435.52506705633,-2823808.383017521,715966855.5597088,712440669.7677453,710841688.4919853,65017275.66588098
2023-10-12,236337.1519168558,228870.6889082632,226886.7439252591,212032.7290153467,-24304.422901509097,716203192.7116257,712669540.4566535,711068575.2359105,65229308.39489633
2023-10-13,1648626.639759973,1635288.6985024456,1634130.84681922,155549.8946994129,-1493076.74506056,717851819.3513857,714304829.1551559,712702706.0827297,65384858.28959574
2023-10-14,4195321.82276085,4190497.964136437,4188441.5586317773,257737.64789293302,-3937584.1748679173,722047141.1741465,718495327.1192924,716891147.6413615,65642595.93748867
2023-10-15,3285329.4225918376,3275114.15636276,3271171.5321182716,323493.3070363762,-2961836.1155554615,725332470.5967383,721770441.2756552,720162319.1734798,65966089.244525045
2023-10-16,1918373.638192573,1902346.4086374796,1896640.6225087787,254867.25990383342,-1663506.3782887396,727250844.2349309,723672787.6842927,722058959.7959886,66220956.50442888
2023-10-17,1305402.5975655538,1300439.6364371644,1297512.8550495112,265088.99285917357,-1040313.6047063803,728556246.8324964,724973227.3207299,723356472.651038,66486045.49728805
2023-10-18,1921872.0503852072,1911553.7965200497,1903366.576972548,214014.71600403253,-1707857.3343811748,730478118.8828816,726884781.1172498,725259839.2280107,66700060.21329208
2023-10-19,1533014.0184210816,1521884.7679747418,1513974.384720359,219791.54063096325,-1313222.4777901184,732011132.9013027,728406665.8852246,726773813.612731,66919851.75392304
2023-10-20,4942126.014972045,4938621.558120818,4934622.920143187,157093.3494413581,-4785032.665530687,736953258.9162748,733345287.4433454,731708436.5328741,67076945.1033644
2023-10-21,1746345.3405513412,1742421.8175820876,1740989.8291085293,281083.7113799723,-1465261.629171369,738699604.2568262,735087709.2609276,733449426.3619826,67358028.81474437
2023-10-22,1495670.638203131,1490294.4069314315,1488392.0106283943,294762.2060682072,-1200908.4321349238,740195274.8950293,736578003.667859,734937818.3726109,67652791.02081257
2023-10-23,1565570.4920667363,1561818.548711488,1558879.46324185,214780.2926613479,-1350790.1994053884,741760845.387096,738139822.2165705,736496697.8358527,67867571.31347392
2023-10-24,991520.2890172122,982271.2046928407,965492.2479485852,150180.4193465621,-841339.8696706501,742752365.6761132,739122093.4212633,737462190.0838013,68017751.73282048
2023-10-25,1498444.7268756705,1489447.1131895457,1488103.5093455082,113831.10775088886,-1384613.6191247816,744250810.4029889,740611540.5344529,738950293.5931468,68131582.84057137
2023-10-26,1208876.3613411787,1026511.4896792637,1024245.2687993199,116802.63657169092,-1092073.7247694877,745459686.7643301,741638052.0241321,739974538.8619461,68248385.47714306
2023-10-27,2157162.2575173103,2150375.838556945,2147442.3270451524,96829.94116893654,-2060332.316348374,747616849.0218475,743788427.862689,742121981.1889913,68345215.418312
2023-10-28,999381.2768787293,990974.519979138,989683.6416538161,132155.1546969367,-867226.1221817926,748616230.2987262,744779402.3826681,743111664.8306451,68477370.57300894
2023-10-29,1142405.0629462155,1131635.8316045762,1130632.3681745047,123328.9962595019,-1019076.0666867136,749758635.3616724,745911038.2142727,744242297.1988196,68600699.56926844
2023-10-30,787926.2855477362,781717.2562141382,686909.5167940601,118921.6328143412,-669004.652733395,750546561.6472201,746692755.4704869,744929206.7156137,68719621.20208278
2023-10-31,587679.4091078658,579315.4660038701,578203.6709458879,83080.26850627267,-504599.14060159307,751134241.056328,747272070.9364908,745507410.3865596,68802701.47058906
2023-11-01,800945.20210764,796582.485514611,795790.3775825854,68460.37811780101,-732484.823989839,751935186.2584357,748068653.4220054,746303200.7641422,68871161.84870686
2023-11-02,1017936.6836418335,1015752.0828541613,1015308.4875150237,71371.08530862289,-946565.5983332106,752953122.9420775,749084405.5048596,747318509.2516571,68942532.93401548
2023-11-03,445605.939455096,432121.7656002128,412360.139344232,54862.99625752963,-390742.9431975664,753398728.8815327,749516527.2704598,747730869.3910013,68997395.93027301
2023-11-04,3625095.9360907287,3622182.725084928,3620836.158537701,111409.15001925576,-3513686.786071473,757023824.8176234,753138709.9955447,751351705.5495391,69108805.08029227
2023-11-05,507512.0949852199,491117.3834151045,490850.7643550314,119834.41613767571,-387677.6788475442,757531336.9126086,753629827.3789598,751842556.3138942,69228639.49642995
2023-11-06,1349124.4305997323,1347940.2281089257,1343738.047636838,64764.46631466676,-1284359.9642850657,758880461.3432083,754977767.6070687,753186294.361531,69293403.96274462
2023-11-07,1168015.2000352654,1165923.6224312473,1165175.0039623412,61514.38853284662,-1106500.8115024187,760048476.5432435,756143691.2294999,754351469.3654934,69354918.35127747
2023-11-08,570591.3343025154,566035.2288011113,564625.2587890241,125390.73075374292,-445200.60354877246,760619067.8775461,756709726.4583011,754916094.6242825,69480309.08203122
2023-11-09,816943.4092337646,814785.5756218625,814228.7032177683,82433.41125266967,-734509.997981095,761436011.2867799,757524512.0339229,755730323.3275002,69562742.49328388
2023-11-10,402391.74442366,396061.4821242178,370655.8710740095,52713.57521340897,-349678.169210251,761838403.0312035,757920573.5160471,756100979.1985742,69615456.06849729
2023-11-11,279912.701164885,277248.6463340033,273455.85206891096,76625.41660680615,-203287.28455807886,762118315.7323684,758197822.1623812,756374435.0506431,69692081.48510408
2023-11-12,7253517.597777676,7241202.2255901145,7240335.057722678,265268.6908778119,-6988248.906899864,769371833.3301461,765439024.3879713,763614770.1083658,69957350.1759819
2023-11-13,1537029.8026531502,1535771.7661220934,1534216.1362575493,211691.23886699957,-1325338.5637861507,770908863.1327993,766974796.1540934,765148986.2446233,70169041.4148489
2023-11-14,5579269.806949299,5572560.893933885,5571410.958210329,285363.196439321,-5293906.610509978,776488132.9397485,772547357.0480273,770720397.2028337,70454404.61128822
2023-11-15,4110065.3339102874,4105141.9596038796,4099376.376386974,198962.1913606862,-3911103.1425496014,780598198.2736589,776652499.0076312,774819773.5792207,70653366.8026489
2023-11-16,8954246.206143258,8950485.612597356,8946281.264076548,371192.1996364129,-8583054.006506845,789552444.4798021,785602984.6202285,783766054.8432972,71024559.00228532
2023-11-17,8579103.929262394,8567323.717444995,8393932.287312705,336953.19516183913,-8242150.734100555,798131548.4090645,794170308.3376735,792159987.13061,71361512.19744715
2023-11-18,3262015.306410245,3247445.5977064623,3240652.449390234,761943.6151177477,-2500071.6912924973,801393563.7154747,797417753.93538,795400639.5800003,72123455.8125649
2023-11-19,24139626.857984368,24094714.181967497,24088516.087921362,1050971.8023933491,-23088655.055591017,825533190.5734591,821512468.1173475,819489155.6679217,73174427.61495824
2023-11-20,11530710.060465831,11508455.674234912,11503884.067673968,1296728.2951458322,-10233981.76532,837063900.633925,833020923.7915823,830993039.7355956,74471155.91010408
2023-11-21,12128093.95009497,12101185.648148978,12086673.98395178,615518.5973624861,-11512575.352732483,849191994.5840199,845122109.4397314,843079713.7195474,75086674.50746657
2023-11-22,12995806.904262608,12983457.923402993,12953643.396289578,696683.9741375936,-12299122.930125015,862187801.4882826,858105567.3631344,856033357.115837,75783358.48160416
2023-11-23,3347696.546948566,3341754.2927928334,3341294.621368981,228957.83341053993,-3118738.713538026,865535498.0352311,861447321.6559272,859374651.737206,76012316.3150147
2023-11-24,6453354.324553139,6447655.241791702,6434404.680109865,206318.66086309875,-6247035.66369004,871988852.3597842,867894976.8977189,865809056.4173158,76218634.9758778
2023-11-25,6292432.587761297,6286664.683614479,6285586.080395257,281848.9829083499,-6010583.604852947,878281284.9475455,874181641.5813334,872094642.4977111,76500483.95878616
2023-11-26,7865421.214300416,7811485.634281083,7809995.813275177,291035.04962014826,-7574386.164680269,886146706.1618459,881993127.2156144,879904638.3109863,76791519.00840631
2023-11-27,15777154.30322803,15771311.413942186,15771050.915494911,174575.33770673667,-15602578.965521293,901923860.465074,897764438.6295567,895675689.2264812,76966094.34611304
2023-11-28,3100301.830729279,3096870.774037788,3096254.625223698,147931.8410309784,-2952369.9896983006,905024162.2958032,900861309.4035945,898771943.851705,77114026.18714403
2023-11-29,2805942.8446498816,2804052.697903307,2801303.3234312646,104099.51845725873,-2701843.326192623,907830105.1404531,903665362.1014978,901573247.1751362,77218125.70560129
2023-11-30,3060054.4231398045,3053440.436798175,3053356.2011984712,149702.4695764487,-2910351.953563356,910890159.5635929,906718802.538296,904626603.3763347,77367828.17517774
2023-12-01,1348882.7263513962,1345002.9774758448,1344879.0492039374,125957.12484148979,-1222925.6015099064,912239042.2899443,908063805.5157719,905971482.4255387,77493785.30001923
2023-12-02,55580692.684835516,55575357.47375645,55575046.39416169,487640.4011584814,-55093052.283677034,967819734.9747798,963639162.9895283,961546528.8197004,77981425.70117772
2023-12-03,5605168.780103895,5595121.728644419,5592832.592784376,113856.65516611664,-5491312.124937778,973424903.7548838,969234284.7181727,967139361.4124848,78095282.35634384
2023-12-04,260613.2469264868,258961.5402204771,258744.55811644864,83048.03167426631,-177565.2152522205,973685517.0018103,969493246.2583932,967398105.9706012,78178330.3880181
2023-12-05,2046735.1090222327,2043429.1341266523,2041627.4913742924,118808.1178089528,-1927926.99121328,975732252.1108326,971536675.3925198,969439733.4619755,78297138.50582705
2023-12-06,273443.8912741544,272672.3646341769,272377.5939091726,22184.550275428508,-251259.3409987259,976005696.0021068,971809347.757154,969712111.0558846,78319323.05610248
2023-12-07,651464.3733583919,651128.6697304439,651103.4757304478,33418.64207414313,-618045.7312842488,976657160.3754652,972460476.4268844,970363214.531615,78352741.69817662
2023-12-08,196648.85230767145,195553.75979565014,195337.27409965475,29203.636593525553,-167445.2157141459,976853809.2277728,972656030.1866801,970558551.8057147,78381945.33477014
2023-12-09,221507.09554074865,219973.05695073947,219617.0545107333,29335.882174788232,-192171.2133659604,977075316.3233136,972876003.2436308,970778168.8602254,78411281.21694493
2023-12-10,198210.14180034277,194567.90128331658,194397.1118083123,44217.61465885997,-153992.5271414828,977273526.4651139,973070571.144914,970972565.9720337,78455498.8316038
2023-12-11,370332.45670508046,365429.9923331006,365085.1412031256,70848.26751434908,-299484.1891907314,977643858.921819,973436001.1372471,971337651.1132369,78526347.09911814
2023-12-12,45339.87858399968,44586.53407999787,44478.69359999799,41206.4155829439,-4133.463001055781,977689198.800403,973480587.6713271,971382129.8068368,78567553.51470108
2023-12-13,819005.9627170756,817397.4453930821,817156.5961770834,24545.86578334752,-794460.0969337281,978508204.76312,974297985.1167202,972199286.403014,78592099.38048443
2023-12-14,940540.5258670202,938030.8762311414,936776.9434911171,53472.3235121648,-887068.2023548555,979448745.288987,975236015.9929514,973136063.346505,78645571.7039966
2023-12-15,85152.53751356987,83611.9943395759,83182.9209905748,62712.7495078705,-22439.788005699367,979533897.8265007,975319627.987291,973219246.2674956,78708284.45350447
2023-12-16,232032.0931195596,224995.7675619624,223834.9772899392,62205.633295582404,-169826.4598239772,979765929.9196202,975544623.7548529,973443081.2447855,78770490.08680005
2023-12-17,80596.21608981138,78052.02875600029,77977.75677799607,48491.4011796773,-32104.814910134082,979846526.13571,975622675.7836089,973521059.0015635,78818981.48797973
2023-12-18,255783.71295740415,254250.01038188938,254056.6933708895,20431.654958695424,-235352.0579987087,980102309.8486674,975876925.7939909,973775115.6949345,78839413.14293842
2023-12-19,1408570.6312279082,1407694.2584411935,1407613.5552251942,42585.730229255445,-1365984.9009986527,981510880.4798952,977284620.0524321,975182729.2501597,78881998.87316768
2023-12-20,275555.8152303871,274644.37899834954,274514.6630343509,44049.97086288019,-231505.8443675069,981786436.2951256,977559264.4314305,975457243.9131941,78926048.84403056
2023-12-21,422383.4032682915,421236.6275528965,420882.4621539434,32782.16834173935,-389601.23492655216,982208819.698394,977980501.0589833,975878126.375348,78958831.0123723
2023-12-22,345462.94545273576,343527.3469708185,343098.14434582915,26944.317870071332,-318518.6275826644,982554282.6438466,978324028.4059541,976221224.5196939,78985775.33024237
2023-12-23,704006.5431405121,701840.8083687958,699890.8219436787,52859.486734189326,-651147.0564063228,983258289.1869872,979025869.2143229,976921115.3416375,79038634.81697656
2023-12-24,974566.7287908532,973459.5680868629,973307.5040868487,29155.690324316634,-945411.0384665366,984232855.915778,979999328.7824098,977894422.8457243,79067790.50730088
2023-12-25,8335268.502152679,8330655.830400431,8330079.194264751,48892.27277050171,-8286376.229382177,992568124.4179307,988329984.6128103,986224502.0399891,79116682.7800714
2023-12-26,1101322.5131757522,1096112.106335376,1095347.502867434,74333.55466293267,-1026988.9585128196,993669446.9311064,989426096.7191457,987319849.5428566,79191016.33473432
2023-12-27,1482325.4996968734,1481735.166310053,1481302.9049850528,26257.133853516243,-1456068.365843357,995151772.4308033,990907831.8854557,988801152.4478416,79217273.46858783
2023-12-28,1006785.9851695437,1004381.4191195762,1003000.6837335231,28152.622232230035,-978633.3629373136,996158558.4159728,991912213.3045753,989804153.1315752,79245426.09082006
2023-12-29,4913016.163641413,4911535.067234031,4911036.057522855,32959.5252070082,-4880056.6384344045,1001071574.5796143,996823748.3718094,994715189.1890981,79278385.61602707
2023-12-30,1294145.6224411726,1280100.4308963637,1273622.9276595784,56930.73216518335,-1237214.8902759892,1002365720.2020555,998103848.8027058,995988812.1167578,79335316.34819226
2023-12-31,971241.1711315042,969882.8784896139,969649.5554195754,53543.07555971182,-917698.0955717925,1003336961.373187,999073731.6811954,996958461.6721773,79388859.42375197
2024-01-01,93919.71963821487,91982.41915495816,91982.41915495816,52701.10926556126,-41218.61037265361,1003430881.0928252,999165714.1003504,997050444.0913323,79441560.53301753
2024-01-02,4165187.5914402045,4163651.1478533214,4160218.095173935,28916.48605436189,-4136271.1053858427,1007596068.6842654,1003329365.2482038,1001210662.1865063,79470477.01907189
2024-01-03,423419.1798316215,422797.4731004515,421746.60140547616,41895.87568330453,-381523.30414831697,1008019487.864097,1003752162.7213042,1001632408.7879118,79512372.8947552
2024-01-04,958412.3876422781,957407.6632155908,957380.7327905952,28349.53899438386,-930062.8486478942,1008977900.2517393,1004709570.3845198,1002589789.5207024,79540722.43374959
2024-01-05,519455.4143137485,517600.76301948325,516092.05723851017,45053.292014511695,-474402.12229923677,1009497355.666053,1005227171.1475393,1003105881.5779408,79585775.7257641
2024-01-06,4774707.247728012,4765942.373735739,4765876.13072974,41363.78621144339,-4733343.461516568,1014272062.913781,1009993113.521275,1007871757.7086706,79627139.51197554
2024-01-07,123310.32376643305,122617.58311082433,122587.40564082854,22453.75691514714,-100856.56685128591,1014395373.2375475,1010115731.1043859,1007994345.1143115,79649593.2688907
2024-01-08,339352.3365421971,338871.52566214756,335985.60088214284,21009.909671175155,-318342.4268710219,1014734725.5740898,1010454602.630048,1008330330.7151936,79670603.17856187
2024-01-09,3862946.6025111233,3861553.924758983,3860921.709718968,58088.80516831504,-3804857.7973428085,1018597672.1766009,1014316156.5548071,1012191252.4249126,79728691.98373018
2024-01-10,1152734.2171375414,1151894.0920180944,1151816.379548048,55576.015914532516,-1097158.2012230088,1019750406.3937385,1015468050.6468252,1013343068.8044606,79784267.99964471
2024-01-11,100029.33227915311,99593.85450334451,99547.82698334412,23229.9706990991,-76799.36158005401,1019850435.7260177,1015567644.5013286,1013442616.631444,79807497.97034381
2024-01-12,139574.0428409157,137688.8528177853,137696.8988177902,35153.15847554947,-104420.88436536623,1019990009.7688587,1015705333.3541464,1013580313.5302618,79842651.12881936
2024-01-13,215357.8958793216,214348.96566022612,214291.6156602228,27956.93888663438,-187400.9569926872,1020205367.6647379,1015919682.3198066,1013794605.145922,79870608.06770599
2024-01-14,233794.5869595218,232920.68347302833,232825.1253620205,11157.782688229763,-222636.80427129206,1020439162.2516974,1016152603.0032796,1014027430.271284,79881765.85039422
2024-01-15,224833.33719905626,223215.34511011568,221991.0411831003,18970.37181527935,-205862.9653837769,1020663995.5888965,1016375818.3483896,1014249421.3124671,79900736.2222095
2024-01-16,683089.8427549055,682413.6872587434,682169.8959527425,23819.522976803713,-659270.3197781018,1021347085.4316515,1017058232.0356483,1014931591.2084198,79924555.7451863
2024-01-17,925638.3693689625,924552.202088881,924351.4504888856,55773.39056982521,-869864.9787991373,1022272723.8010204,1017982784.2377372,1015855942.6589087,79980329.13575612
2024-01-18,764887.8022266054,764761.0294066351,764740.3017436237,27078.093374035154,-737809.7088525702,1023037611.603247,1018747545.2671438,1016620682.9606524,80007407.22913015
2024-01-19,251102.6336521543,250432.03051216327,250233.66425416057,21162.435055710223,-229940.19859644407,1023288714.2368993,1018997977.297656,1016870916.6249065,80028569.66418585
2024-01-20,10562.185169583207,5408.078539000871,5390.495252001208,72849.06032049292,62286.87515090971,1023299276.4220688,1019003385.3761951,1016876307.1201586,80101418.72450635
2024-01-21,372483.62761908665,369289.17055531556,365615.1011143819,51373.7375554845,-321109.8900636021,1023671760.0496879,1019372674.5467504,1017241922.221273,80152792.46206184
2024-01-22,18965.279571354335,14054.25100999771,13621.038049998118,27924.986915199563,8959.707343845228,1023690725.3292592,1019386728.7977604,1017255543.259323,80180717.44897704
2024-01-23,645067.6927441591,643544.4273902621,643226.1508022313,74861.02609814331,-570206.6666460158,1024335793.0220033,1020030273.2251506,1017898769.4101253,80255578.47507519
2024-01-24,11451.730948399703,10357.954831998919,10349.490823999862,32504.871459196765,21053.140510797064,1024347244.7529517,1020040631.1799825,1017909118.9009492,80288083.34653439
2024-01-25,14410.314457519979,13707.825807999185,13662.244407999779,31996.28516722996,17585.97070970998,1024361655.0674093,1020054339.0057906,1017922781.1453573,80320079.63170162
2024-01-26,5436382.558308794,5434170.582046762,5434155.94521426,40420.127020916676,-5395962.431287877,1029798037.6257181,1025488509.5878373,1023356937.0905715,80360499.75872253
2024-01-27,101131.3173973799,94875.07077298123,94784.4998729885,76654.29018363741,-24477.02721374249,1029899168.9431155,1025583384.6586103,1023451721.5904446,80437154.04890616
2024-01-28,966448.0606180119,963988.532253671,963874.7307058081,40260.1498767512,-926187.9107412606,1030865617.0037335,1026547373.190864,1024415596.3211504,80477414.19878292
2024-01-29,29943.092634344495,29076.729032997562,27364.25722799753,111843.39865658115,81900.30602223665,1030895560.0963678,1026576449.919897,1024442960.5783784,80589257.5974395
2024-01-30,136009.9553182038,135254.06259683523,135217.89086683883,37144.52420290489,-98865.43111529891,1031031570.051686,1026711703.9824938,1024578178.4692453,80626402.1216424
2024-01-31,71124.08830124141,70974.83657999017,70640.56883999024,14335.433980602114,-56788.654320639296,1031102694.1399873,1026782678.8190738,1024648819.0380853,80640737.555623
2024-02-01,1559265.3065805705,1545951.5861892311,1545815.799573231,21116.947984546718,-1538148.3585960239,1032661959.4465679,1028328630.4052631,1026194634.8376585,80661854.50360754
2024-02-02,174074.6497883563,173562.33467967386,173338.03528967244,32967.81586801614,-141106.83392034017,1032836034.0963563,1028502192.7399428,1026367972.8729482,80694822.31947556
2024-02-03,5676007.947482072,5668216.980275285,5666278.304274491,58245.11291616433,-5617762.834565908,1038512042.0438384,1034170409.7202181,1032034251.1772226,80753067.43239173
2024-02-04,4134619.333985031,4124871.6391516235,4124787.2967574913,94168.26623813562,-4040451.0677468954,1042646661.3778235,1038295281.3593696,1036159038.4739801,80847235.69862987
2024-02-05,523343.76937128475,515674.00057500775,514411.6941629285,132673.1196029901,-390670.64976829465,1043170005.1471947,1038810955.3599447,1036673450.168143,80979908.81823286
2024-02-06,1900853.0594550471,1900132.4202581246,1899972.4603580737,53898.91223616241,-1846954.1472188847,1045070858.2066498,1040711087.7802029,1038573422.628501,81033807.73046903
2024-02-07,600680.7274441035,599768.9930387142,598157.2670492299,54353.74625589201,-546326.9811882115,1045671538.9340938,1041310856.7732416,1039171579.8955503,81088161.47672492
2024-02-08,1885538.8356532685,1885126.0433807094,1884474.891444804,112553.87315328124,-1772984.9624999873,1047557077.7697471,1043195982.8166224,1041056054.786995,81200715.3498782
2024-02-09,1342634.814688122,1341424.3324344284,1340419.8652065627,267686.55026999547,-1074948.2644181265,1048899712.5844352,1044537407.1490568,1042396474.6522017,81468401.9001482
2024-02-10,2151863.8830558686,2150615.0400008783,2150344.551505738,157425.56537531404,-1994438.3176805545,1051051576.4674911,1046688022.1890577,1044546819.2037073,81625827.46552351
2024-02-11,4640087.644842652,4638620.331874029,4638545.2376017915,173074.55108948494,-4467013.0937531665,1055691664.1123338,1051326642.5209317,1049185364.4413091,81798902.01661299
2024-02-12,3700356.565882488,3696065.72296786,3695677.222968063,96249.51660748501,-3604107.0492750034,1059392020.6782162,1055022708.2438996,1052881041.6642772,81895151.53322047
2024-02-13,4637989.764147583,4630992.702935378,4630612.481921351,40252.76538032137,-4597736.998767262,1064030010.4423639,1059653700.9468349,1057511654.1461985,81935404.2986008
2024-02-14,188289.95758398465,187299.39260111976,187038.86575512786,57079.8119859605,-131210.14559802416,1064218300.3999479,1059841000.339436,1057698693.0119536,81992484.11058675
2024-02-15,134763.84505156835,133149.12118798558,132848.73045799742,40524.93422617607,-94238.91082539229,1064353064.2449994,1059974149.4606241,1057831541.7424116,82033009.04481292
2024-02-16,1800233.2015561005,1799238.1004096498,1796390.3564450762,57488.966231553924,-1742744.2353245467,1066153297.4465555,1061773387.5610337,1059627932.0988567,82090498.01104447
2024-02-17,606544.3534293742,603739.9633476555,602762.6750265507,58977.88218091105,-547566.4712484631,1066759841.7999848,1062377127.5243814,1060230694.7738832,82149475.89322539
2024-02-18,596182.1199444039,594846.2182807291,594635.1690007296,55363.74398312094,-540818.375961283,1067356023.9199293,1062971973.7426621,1060825329.942884,82204839.6372085
2024-02-19,161989.88704077378,157762.1097048043,157026.5262958124,39162.749287931445,-122827.13775284233,1067518013.80697,1063129735.8523669,1060982356.4691797,82244002.38649644
2024-02-20,455362.56890340557,448083.13234600815,447585.50210398645,46216.09395161088,-409146.4749517947,1067973376.3758734,1063577818.984713,1061429941.9712838,82290218.48044805
2024-02-21,520984.96679137944,518240.7839074021,517673.9006493832,65407.930042760345,-455577.0367486191,1068494361.3426648,1064096059.7686204,1061947615.8719332,82355626.41049081
2024-02-22,1557370.6327126052,1555947.5722903593,1555820.8732903656,27237.190799254633,-1530133.4419133505,1070051731.9753774,1065652007.3409107,1063503436.7452236,82382863.60129006
2024-02-23,1534280.6839856259,1533853.5777091586,1533502.267709212,18473.729794696195,-1515806.9541909297,1071586012.659363,1067185860.9186199,1065036939.0129329,82401337.33108476
2024-02-24,300127.8316712516,279028.30717018637,278551.82575602835,35532.35590215034,-264595.4757691013,1071886140.4910343,1067464889.22579,1065315490.838689,82436869.68698691
2024-02-25,5803975.566652459,5799265.294502255,5798769.842380025,67485.28869659547,-5736490.277955864,1077690116.0576868,1073264154.5202923,1071114260.681069,82504354.97568351
2024-02-26,1043101.9051731318,1041924.4768818609,1041875.1014018134,19846.297244867656,-1023255.6079282642,1078733217.9628599,1074306078.997174,1072156135.7824708,82524201.27292837
2024-02-27,1506068.508736255,1505446.6069941078,1504495.2420660788,48014.63147327708,-1458053.877262978,1080239286.4715962,1075811525.6041682,1073660631.0245368,82572215.90440165
2024-02-28,274660.4104227474,272944.6716752268,272334.8432251821,48732.4038608457,-225928.00656190168,1080513946.882019,1076084470.2758434,1073932965.867762,82620948.3082625
2024-02-29,787183.7323775563,570205.1161780118,569760.5180500114,58284.43527850543,-728899.2970990508,1081301130.6143966,1076654675.3920214,1074502726.385812,82679232.743541
2024-03-01,302691.42712650733,300702.6035014258,298672.78667634545,66653.51150501538,-236037.91562149196,1081603822.041523,1076955377.9955227,1074801399.1724885,82745886.25504602
2024-03-02,5107966.4110098565,5102258.609135163,5100825.76155457,80048.84797488202,-5027917.563034974,1086711788.4525328,1082057636.604658,1079902224.934043,82825935.1030209
2024-03-03,3592639.9103789027,3589231.0780654866,3588557.4931538473,75178.51321060483,-3517461.397168298,1090304428.3629117,1085646867.6827233,1083490782.4271967,82901113.61623152
2024-03-04,456434.212145893,453314.8280269633,453170.166416957,89166.08075361364,-367268.1313922794,1090760862.5750575,1086100182.5107503,1083943952.5936136,82990279.69698513
2024-03-05,1040698.599423987,1026459.5056705868,1023170.8308545788,181594.3140558709,-859104.2853681161,1091801561.1744814,1087126642.0164208,1084967123.4244683,83171874.011041
2024-03-06,636525.9919783504,630099.0628750564,626775.3850269206,162305.8315739524,-474220.16040439805,1092438087.1664598,1087756741.0792959,1085593898.8094952,83334179.84261495
2024-03-07,1861699.4126583561,1853791.5302930346,1849014.9971471843,223690.0982440067,-1638009.3144143494,1094299786.5791183,1089610532.6095889,1087442913.8066423,83557869.94085896
2024-03-08,2455785.9388730014,2452888.134857278,2446450.5823851186,106442.99199745173,-2349342.94687555,1096755572.5179913,1092063420.744446,1089889364.3890274,83664312.93285641
2024-03-09,993417.4340891668,990526.9899999194,989114.528455594,67671.7863036621,-925745.6477855047,1097748989.9520805,1093053947.734446,1090878478.9174829,83731984.71916008
2024-03-10,3457958.3324361504,3453904.63183606,3453086.0099478746,129223.4481096344,-3328734.884326516,1101206948.2845166,1096507852.3662822,1094331564.9274306,83861208.16726972
2024-03-11,1190827.6547119112,1185333.8614624604,1175445.9430523068,170873.59172617,-1019954.0629857412,1102397775.9392285,1097693186.2277446,1095507010.870483,84032081.75899589
2024-03-12,761766.0357753818,754928.2329415644,753419.6888088367,140499.7905995414,-621266.2451758404,1103159541.975004,1098448114.4606862,1096260430.5592918,84172581.54959543
2024-03-13,857166.5376652725,855131.7418792975,835396.2034321803,147585.93758028938,-709580.600084983,1104016708.5126693,1099303246.2025654,1097095826.762724,84320167.48717572
2024-03-14,3483274.975771396,3452678.0649631,3435815.892243908,430701.8204508846,-3052573.155320511,1107499983.4884408,1102755924.2675285,1100531642.6549678,84750869.3076266
2024-03-15,2197517.3329736157,2181167.324974998,2177090.676820329,385075.7160960089,-1812441.6168776068,1109697500.8214145,1104937091.5925035,1102708733.331788,85135945.02372262
2024-03-16,1391635.1208594043,1379354.0628703556,1379660.9879750824,284234.82420501905,-1107400.2966543853,1111089135.9422739,1106316445.6553738,1104088394.3197632,85420179.84792764
2024-03-17,13895361.422120767,13879630.473891623,13865460.911835145,346883.3252572322,-13548478.096863534,1124984497.3643947,1120196076.1292655,1117953855.2315984,85767063.17318487
2024-03-18,4764839.013191938,4758817.303679457,4756649.802468953,387490.92482972407,-4377348.088362214,1129749336.3775866,1124954893.432945,1122710505.0340674,86154554.0980146
2024-03-19,1372841.136346919,1369254.044962958,1359086.6613185026,394260.14822664583,-978580.9881202732,1131122177.5139334,1126324147.477908,1124069591.695386,86548814.24624124
2024-03-20,6769974.300233579,6632425.455465593,6596588.175654369,1722660.4854453881,-5047313.814788191,1137892151.814167,1132956572.9333735,1130666179.8710403,88271474.73168664
2024-03-21,6054181.952973239,5987557.265543191,5946692.883089693,785246.1315146217,-5268935.821458617,1143946333.7671402,1138944130.1989167,1136612872.7541301,89056720.86320126
2024-03-22,7922176.470341441,7878262.060790748,7826049.286625511,858241.7112892802,-7063934.759052161,1151868510.2374816,1146822392.2597075,1144438922.0407557,89914962.57449055
2024-03-23,9040637.302564943,8990327.174041621,8972537.899727117,664883.2130116303,-8375754.089553313,1160909147.5400465,1155812719.433749,1153411459.9404829,90579845.78750218
2024-03-24,14721630.665157197,14683690.015642025,14638409.613937108,1166216.9692521077,-13555413.69590509,1175630778.2052035,1170496409.449391,1168049869.55442,91746062.7567543
2024-03-25,3784332.3778360356,3699340.9612944354,3628008.5361916837,2363598.269641763,-1420734.1081942725,1179415110.5830395,1174195750.4106853,1171677878.0906117,94109661.02639605
2024-03-26,6695967.543690906,6612590.498338835,6451312.591346229,2976450.939484911,-3719516.604205995,1186111078.1267304,1180808340.9090242,1178129190.681958,97086111.96588096
2024-03-27,12564735.310450774,12436624.526862124,12385008.954582045,1829717.7471338315,-10735017.563316941,1198675813.4371812,1193244965.4358864,1190514199.63654,98915829.7130148
2024-03-28,9945965.869963212,9872555.758795744,9842645.840621514,1731341.990376798,-8214623.8795864135,1208621779.3071444,1203117521.1946821,1200356845.4771614,100647171.7033916
2024-03-29,9602970.137016345,9533107.60740874,9458792.143805865,2564737.7676085853,-7038232.36940776,1218224749.4441607,1212650628.802091,1209815637.6209674,103211909.47100018
2024-03-30,26351746.50337902,26013211.11646811,25897711.33752599,4234847.216853377,-22116899.286525644,1244576495.9475398,1238663839.918559,1235713348.9584935,107446756.68785356
2024-03-31,41426694.81311079,41200743.131416865,41073607.09031034,3205540.211371849,-38221154.601738945,1286003190.7606506,1279864583.0499759,1276786956.0488038,110652296.89922541
2024-04-01,11968376.770830676,11868345.61315325,11819627.158525962,2005140.7507725046,-9963236.020058172,1297971567.5314813,1291732928.663129,1288606583.2073298,112657437.64999792
2024-04-02,9411248.994479146,9214667.573305536,9076693.587738406,1492370.331196942,-7918878.663282204,1307382816.5259604,1300947596.2364347,1297683276.7950683,114149807.98119487
2024-04-03,12097365.244105002,12039584.60833964,11932569.70283999,1313983.8448573695,-10783381.399247631,1319480181.7700655,1312987180.8447742,1309615846.4979084,115463791.82605223
2024-04-04,11484350.271056075,11409769.14354055,11335314.461398399,1151206.2542493094,-10333144.016806765,1330964532.0411217,1324396949.9883149,1320951160.9593067,116614998.08030154
2024-04-05,5319576.200956301,5282148.071587037,5217241.67358389,982205.9258065246,-4337370.275149777,1336284108.242078,1329679098.059902,1326168402.6328907,117597204.00610806
2024-04-06,4988999.662301556,4896912.940156953,4886174.366821265,1259793.4455574772,-3729206.2167440793,1341273107.9043796,1334576011.000059,1331054576.999712,118856997.45166554
2024-04-07,25002608.821564626,24898851.118681233,24773226.6929683,1512668.3304195758,-23489940.491145052,1366275716.7259443,1359474862.11874,1355827803.6926804,120369665.7820851
2024-04-08,16218185.482961684,16104765.492226016,15901893.730989445,1888558.166335211,-14329627.316626474,1382493902.208906,1375579627.6109662,1371729697.4236698,122258223.94842032
2024-04-09,12347480.415534396,12307088.133355202,12176797.644695383,1061090.1773662055,-11286390.238168191,1394841382.6244404,1387886715.7443213,1383906495.068365,123319314.12578653
2024-04-10,26656177.172138065,26563592.188362546,26302728.14602958,1300387.3027510548,-25355789.869387012,1421497559.7965784,1414450307.932684,1410209223.2143946,124619701.42853758
2024-04-11,8840122.25794107,8729600.812271692,8601530.464883327,1108045.4652793305,-7732076.792661739,1430337682.0545194,1423179908.7449555,1418810753.679278,125727746.8938169
2024-04-12,16617774.35467362,16556232.76111911,16262452.617162557,1007913.3334347566,-15609861.021238863,1446955456.409193,1439736141.5060747,1435073206.2964404,126735660.22725166
2024-04-13,17076615.041543983,17039788.751552,16777621.72932088,1070338.022972694,-16006277.01857129,1464032071.450737,1456775930.2576268,1451850828.0257611,127805998.25022435
2024-04-14,12685440.445934514,12598750.047262846,12371856.146109832,700874.4556572584,-11984565.990277255,1476717511.8966715,1469374680.3048897,1464222684.171871,128506872.70588161
2024-04-15,11394021.228354374,11364851.851234525,11124158.022622393,734240.752041291,-10659780.476313083,1488111533.125026,1480739532.156124,1475346842.1944933,129241113.4579229
2024-04-16,8383794.88940372,8237567.274391187,7611341.670570279,808763.6188390728,-7575031.270564647,1496495328.0144298,1488977099.4305153,1482958183.8650637,130049877.07676198
2024-04-17,15732742.466060452,15661116.429118957,1759331.6420543734,799355.131525336,-14933387.334535116,1512228070.4804902,1504638215.8596342,1484717515.507118,130849232.20828731
2024-04-18,9171754.28573394,9111028.389458,13067.105283715902,693097.0546318188,-8478657.231102122,1521399824.7662241,1513749244.249092,1484730582.6124017,131542329.26291913
2024-04-19,16271386.76618102,16158165.182493595,6248.442815996254,750988.8365664519,-15520397.929614568,1537671211.5324051,1529907409.4315858,1484736831.0552177,132293318.09948558
2024-04-20,7744147.162976589,7685540.43820478,4715.5788039957615,793194.4824369691,-6950952.68053962,1545415358.6953816,1537592949.8697906,1484741546.6340218,133086512.58192255
2024-04-21,31113225.537190173,30957924.812031966,16262.655079998543,1151277.4619638247,-29961948.075226348,1576528584.2325718,1568550874.6818225,1484757809.2891018,134237790.04388636
2024-04-22,9304564.740810715,9097853.44671656,100489.20177299237,897349.142157959,-8407215.598652756,1585833148.9733825,1577648728.128539,1484858298.4908748,135135139.18604434
2024-04-23,6707166.938171365,6450585.971632317,13519.847804995183,772135.4483336563,-5935031.489837709,1592540315.9115539,1584099314.1001713,1484871818.3386798,135907274.634378
2024-04-24,2277775.523549243,16791.686999997462,9366.216199999539,355527.9930458124,-1922247.5305034304,1594818091.4351032,1584116105.7871714,1484881184.55488,136262802.6274238
2024-04-25,1314.136920622,0.0,0.028137,0.0,-1314.136920622,1594819405.5720239,1584116105.7871714,1484881184.5830169,136262802.6274238
2024-05-15,801578.1336852596,799357.0938617217,799189.3240066342,68164.04706642509,-733414.0866188345,1595620983.7057092,1584915462.8810332,1485680373.9070234,136330966.6744902
2024-05-16,12119406.70848349,12082689.983235566,12081689.621652303,1028340.0589325118,-11091066.649550978,1607740390.4141927,1596998152.8642688,1497762063.5286758,137359306.73342273
2024-05-17,12797964.320209656,12764719.612076666,12760108.109498773,833762.9972155633,-11964201.322994092,1620538354.7344024,1609762872.4763455,1510522171.6381745,138193069.7306383
2024-05-18,13190927.546404332,13178185.667559257,13176777.324473469,944158.4647182258,-12246769.081686106,1633729282.2808068,1622941058.1439047,1523698948.962648,139137228.19535652
2024-05-19,1421631.5351087565,1409714.5600300417,1407772.6107135,874179.8169361978,-547451.7181725587,1635150913.8159156,1624350772.7039347,1525106721.5733614,140011408.0122927
2024-05-20,72112.29522484352,67767.9624078752,67260.78999188892,373945.95609891403,301833.6608740705,1635223026.1111405,1624418540.6663425,1525173982.3633533,140385353.96839163
2024-06-25,42826.50623995294,40402.947039944964,39932.25227995356,35769.63752905489,-7056.868710898052,1635265852.6173804,1624458943.6133823,1525213914.6156332,140421123.60592067
2024-06-26,1812916.8394519822,1811537.9350561518,1810111.701156168,66928.88264845825,-1745987.956803524,1637078769.4568324,1626270481.5484385,1527024026.3167894,140488052.48856914
2024-06-27,4997044.225166276,4995939.121327427,4995731.875028371,81241.0149152857,-4915803.21025099,1642075813.6819987,1631266420.669766,1532019758.1918178,140569293.50348443
2024-06-28,40027.927978719345,38063.705964017536,37914.374314022076,42167.0398036519,2139.111824932552,1642115841.6099775,1631304484.37573,1532057672.5661318,140611460.54328808
2024-06-29,1857449.1154699612,1856744.6142582241,1855717.305433231,43210.03765914941,-1814239.0778108118,1643973290.7254474,1633161228.9899883,1533913389.871565,140654670.58094722
2024-06-30,402022.97993771057,399587.9548550955,397501.8124250764,46248.166743226764,-355774.8131944838,1644375313.7053852,1633560816.9448435,1534310891.6839902,140700918.74769044
2024-07-01,2935933.366458061,2935367.3093545334,2934844.9172459533,57490.39988587069,-2878442.9665721906,1647311247.0718434,1636496184.254198,1537245736.601236,140758409.1475763
2024-07-02,2184852.3412061776,2184428.280923702,2184353.067923712,59358.34868186267,-2125493.992524315,1649496099.4130495,1638680612.5351217,1539430089.66916,140817767.49625817
2024-07-03,16629.740031847134,16553.856031846863,16466.93153184686,16433.00433607016,-196.73569577697344,1649512729.1530814,1638697166.3911536,1539446556.6006918,140834200.50059423
2024-07-08,1015820.3380129694,1015593.5266731668,1015275.269573298,49638.44555058016,-966181.8924623892,1650528549.4910944,1639712759.9178267,1540461831.870265,140883838.94614482
2024-07-09,10065923.034115195,10064022.217541458,10065272.609847886,66261.81889699252,-9999661.215218203,1660594472.5252094,1649776782.135368,1550527104.4801128,140950100.7650418
2024-07-10,554575.0940137573,551029.304673782,551486.7302738222,61950.14600425429,-492624.948009503,1661149047.619223,1650327811.4400418,1551078591.2103865,141012050.91104606
2024-07-11,1561452.5667804154,1559835.0942185584,1559643.9209673088,42792.37976394951,-1518660.187016466,1662710500.1860034,1651887646.5342603,1552638235.1313539,141054843.29081002
2024-07-12,3507222.199277959,3506895.4801379563,3506564.55613801,57895.07767382729,-3449327.1216041315,1666217722.3852813,1655394542.0143983,1556144799.687492,141112738.36848384
2024-07-13,35663.57709961396,34977.44657831372,34954.448978312284,48475.09490849795,12811.51780888399,1666253385.962381,1655429519.4609766,1556179754.1364703,141161213.46339235
2024-07-14,2614062.2133975453,2614047.4375156797,2613540.690995666,33139.31112143729,-2580922.902276108,1668867448.1757784,1658043566.8984923,1558793294.827466,141194352.77451378
2024-07-15,1200655.3274745196,1194938.9032166437,1187051.1768167233,51951.98070756867,-1148703.346766951,1670068103.503253,1659238505.801709,1559980346.0042827,141246304.75522134
2024-07-16,4185636.0712565403,4182656.734557056,4182495.914556906,62661.11462605819,-4122974.956630482,1674253739.5745096,1663421162.536266,1564162841.9188397,141308965.8698474
2024-07-17,3464399.3414249173,3463418.0367067065,3462914.8737063785,51237.925357187385,-3413161.41606773,1677718138.9159346,1666884580.5729728,1567625756.792546,141360203.79520458
2024-07-18,2282924.412866874,2282724.3150063413,2282367.40322643,77064.16957897026,-2205860.2432879037,1680001063.3288014,1669167304.887979,1569908124.1957724,141437267.96478355
2024-07-19,5077592.411386052,5077371.125602643,5077334.499503153,97083.35423029489,-4980509.057155757,1685078655.7401874,1674244676.0135818,1574985458.6952755,141534351.31901383
2024-07-20,3151748.210883138,3148733.3412864264,3148733.3412864264,80018.00550945295,-3071730.205373685,1688230403.9510705,1677393409.3548682,1578134192.036562,141614369.3245233
2024-07-21,6365427.154362902,6364447.676135626,6363797.649606475,117644.58570920033,-6247782.568653702,1694595831.1054335,1683757857.0310037,1584497989.6861684,141732013.9102325
2024-07-22,13575871.7201075,13572411.026333379,13572398.771083513,125312.44053478674,-13450559.279572712,1708171702.825541,1697330268.057337,1598070388.457252,141857326.3507673
2024-07-23,8119796.650216435,8118685.721015342,8118663.685014661,173757.17036355438,-7946039.47985288,1716291499.4757574,1705448953.7783525,1606189052.1422668,142031083.52113086
2024-07-24,11006214.434905652,10959574.809310889,10959115.31131132,134305.6763434551,-10871908.758562196,1727297713.9106631,1716408528.5876634,1617148167.453578,142165389.1974743
2024-07-25,3387739.0612012814,3387665.601617498,3387562.786097837,89164.74531889416,-3298574.315882387,1730685452.9718645,1719796194.189281,1620535730.2396758,142254553.9427932
2024-07-26,3441640.242960096,3440929.557324934,3403957.6195015353,77703.804982126,-3363936.4379779696,1734127093.2148247,1723237123.7466059,1623939687.8591774,142332257.74777532
2024-07-27,1832207.1777250539,1830571.7391409553,1828784.2534409803,74732.85086591475,-1757474.3268591391,1735959300.3925498,1725067695.4857469,1625768472.1126184,142406990.59864122
2024-07-28,2814433.856259776,2803947.6516254824,2803903.5258249994,91897.65072767597,-2722536.2055321,1738773734.2488096,1727871643.1373723,1628572375.6384435,142498888.2493689
2024-07-29,2814411.343615486,2814097.5664383457,2813849.459238625,111803.06655162257,-2702608.2770638634,1741588145.592425,1730685740.7038107,1631386225.097682,142610691.31592053
2024-07-30,9407446.472628066,9405628.137119815,9405537.82375069,85215.97434912686,-9322230.49827894,1750995592.0650532,1740091368.8409305,1640791762.9214327,142695907.29026967
2024-07-31,3560962.6930457037,3560011.527741582,3557098.3213417064,89496.0663070702,-3471466.6267386335,1754556554.7580988,1743651380.3686721,1644348861.2427745,142785403.35657674
2024-08-01,8506856.214756971,8506137.688177405,8505905.107777935,132996.91064679922,-8373859.304110172,1763063410.9728558,1752157518.0568495,1652854766.3505523,142918400.26722354
2024-08-02,2219331.372603944,2219187.4009468327,2219160.120946847,85089.54459241274,-2134241.8280115314,1765282742.3454597,1754376705.4577963,1655073926.4714992,143003489.81181595
2024-08-03,6856968.309943414,6855363.693926449,6852235.9293452045,128812.72532529318,-6728155.584618121,1772139710.6554031,1761232069.1517227,1661926162.4008443,143132302.53714123
2024-08-04,766130.361977644,766002.487037717,765891.1831376003,45171.54118142302,-720958.820796221,1772905841.0173807,1761998071.6387603,1662692053.583982,143177474.07832265
2024-08-05,1752413.4277931196,1750867.0232680298,1750214.2628779237,71493.19665523311,-1680920.2311378864,1774658254.4451737,1763748938.6620283,1664442267.84686,143248967.2749779
2024-08-06,1316741.7978910466,1315421.5727681913,1313149.2467681523,34664.71437412548,-1282077.0835169211,1775974996.2430649,1765064360.2347965,1665755417.0936282,143283631.98935202
2024-08-07,3504544.4693808625,3503898.471685874,3502817.3866872624,40245.32724182419,-3464299.1421390385,1779479540.7124457,1768568258.7064824,1669258234.4803154,143323877.31659386
2024-08-08,5514304.583786639,5514263.293460583,5514255.694960583,35616.18784378156,-5478688.3959428575,1784993845.2962325,1774082521.999943,1674772490.175276,143359493.50443763
2024-08-09,336348.81815220177,335855.5169444975,335822.55409717653,28975.38687725514,-307373.4312749466,1785330194.1143847,1774418377.5168874,1675108312.7293732,143388468.8913149
2024-08-10,1630024.2175122348,1629507.4603663415,1629186.5560411522,52198.86195320772,-1577825.355559027,1786960218.3318968,1776047884.9772537,1676737499.2854145,143440667.7532681
2024-08-11,6077008.255302441,6076254.602641783,6076226.0691309525,84618.5806259097,-5992389.674676532,1793037226.5871992,1782124139.5798955,1682813725.3545454,143525286.333894
2024-08-12,7576674.588424923,7576665.672705247,7576605.964705122,147269.36242234107,-7429405.226002581,1800613901.1756241,1789700805.2526007,1690390331.3192506,143672555.69631636
2024-08-13,2544547.7093141284,2544533.3399477564,2544489.310267966,62257.203411838804,-2482290.5059022894,1803158448.8849382,1792245338.5925484,1692934820.6295185,143734812.8997282
2024-08-14,18133222.161443893,18132652.173047177,18130984.42208042,238139.1739258609,-17895082.98751803,1821291671.0463822,1810377990.7655954,1711065805.051599,143972952.07365406
2024-08-15,798617.6005151543,798600.2806251367,798533.129625192,29569.48500405974,-769048.1155110946,1822090288.6468973,1811176591.0462205,1711864338.181224,144002521.55865812
2024-08-16,8168910.767968006,8168724.971349453,8168683.971619198,48558.5996618629,-8120352.168306144,1830259199.4148653,1819345316.01757,1720033022.1528432,144051080.15831998
2024-08-17,1376052.7500522325,1375586.555038256,1375029.1907262253,29857.073236948287,-1346195.6768152842,1831635252.1649175,1820720902.5726082,1721408051.3435695,144080937.23155692
2024-08-18,10146560.682285704,10146445.215904443,10146445.215904443,132721.23781334588,-10013839.444472358,1841781812.8472033,1830867347.7885127,1731554496.559474,144213658.46937028
2024-08-19,4840485.778707277,4838637.086546709,4838560.478546591,56774.6188477475,-4783711.15985953,1846622298.6259105,1835705984.8750594,1736393057.0380206,144270433.08821803
2024-08-20,6188192.332869869,6188057.844669796,6188012.636430074,72125.49381740697,-6116066.839052462,1852810490.9587803,1841894042.7197292,1742581069.6744506,144342558.58203545
2024-08-21,9414063.684165265,9411457.651487978,9411411.252988894,91508.50891606922,-9322555.175249197,1862224554.6429455,1851305500.3712173,1751992480.9274395,144434067.09095153
2024-08-22,2818123.133623918,2817436.477783769,2816959.609993825,44960.08196282624,-2773163.051661092,1865042677.7765694,1854122936.849001,1754809440.5374334,144479027.17291436
2024-08-23,3732356.9106349987,3732293.0947007835,3732115.9796507014,48525.992046886284,-3683830.9185881126,1868775034.6872044,1857855229.9437017,1758541556.5170841,144527553.16496125
2024-08-24,57902.583847714406,57392.86898572871,57214.67948363734,30388.6224645521,-27513.961383162306,1868832937.2710521,1857912622.8126874,1758598771.1965678,144557941.7874258
2024-08-25,6343030.485146703,6340662.14751562,6340600.201594776,30097.088575452468,-6312933.396571251,1875175967.756199,1864253284.960203,1764939371.3981626,144588038.87600124
2024-08-26,459624.20906287746,459361.7329663602,459018.3239663635,32570.584488631794,-427053.62457424565,1875635591.9652617,1864712646.6931694,1765398389.7221289,144620609.46048987
2024-08-27,3017768.4175807177,3016998.004001214,3016637.8048017574,59029.79139598204,-2958738.6261847354,1878653360.3828423,1867729644.6971705,1768415027.5269306,144679639.25188586
2024-08-28,4110077.9434907176,4108519.2858098904,4107192.320768327,35316.553628680944,-4074761.389862037,1882763438.326333,1871838163.9829805,1772522219.847699,144714955.80551454
2024-08-29,1344231.037199729,1344075.2606099502,1344006.6779226153,38933.91471240638,-1305297.1224873224,1884107669.3635328,1873182239.2435904,1773866226.5256217,144753889.72022694
2024-08-30,3957423.2200801386,3957333.9793622866,3957281.503442439,70158.8883182264,-3887264.3317619124,1888065092.583613,1877139573.2229526,1777823508.0290642,144824048.60854518
2024-08-31,3056693.021550877,3055734.5595079754,3055460.783983534,67395.73196228547,-2989297.2895885915,1891121785.6051638,1880195307.7824607,1780878968.8130476,144891444.34050748
2024-09-01,5377097.470388011,5374487.7207733095,5374425.468972413,99838.1761041647,-5277259.294283846,1896498883.0755517,1885569795.503234,1786253394.28202,144991282.51661164
2024-09-02,5068989.801333716,5068657.36143334,5068418.477283489,74157.38001854662,-4994832.42131517,1901567872.8768854,1890638452.8646672,1791321812.7593036,145065439.89663017
2024-09-03,2872521.14071014,2860393.318832345,2858824.0195369907,96593.48151581391,-2775927.659194326,1904440394.0175955,1893498846.1834996,1794180636.7788405,145162033.378146
2024-09-04,5497220.557441768,5456064.597428092,5456041.234928256,68467.25512122457,-5428753.302320544,1909937614.5750372,1898954910.7809277,1799636678.013769,145230500.63326722
2024-09-05,3692430.0765459426,3691374.728947005,3690415.1012921757,42440.77521839288,-3649989.30132755,1913630044.6515832,1902646285.5098746,1803327093.115061,145272941.40848562
2024-09-06,2602474.36107302,2602438.996286057,2602169.2962862514,38450.07064399306,-2564024.290429027,1916232519.0126562,1905248724.5061607,1805929262.4113474,145311391.4791296
2024-09-07,3414752.1366966763,3414542.110829057,3414528.3481941316,22352.356271130564,-3392399.7804255458,1919647271.1493528,1908663266.6169899,1809343790.7595415,145333743.83540073
2024-09-08,4173025.179867821,4172527.306800093,4172160.5634801188,40194.92304302398,-4132830.256824797,1923820296.3292205,1912835793.92379,1813515951.3230217,145373938.75844374
2024-09-09,4184356.7188332304,4184165.017532647,4181404.954772585,36557.54077437704,-4147799.1780588534,1928004653.0480537,1917019958.9413226,1817697356.2777941,145410496.29921812
2024-09-10,1397279.4196983958,1397036.0846251778,1396845.1312250823,23886.871867645437,-1373392.5478307502,1929401932.4677522,1918416995.0259478,1819094201.4090192,145434383.17108577
2024-09-11,5404881.812607282,5404282.714174823,5404000.696087658,35720.54832679478,-5369161.264280487,1934806814.2803595,1923821277.7401226,1824498202.1051068,145470103.71941257
2024-09-12,3188983.2633081833,3187980.2185969977,3187959.401596828,72444.77950415343,-3116538.48380403,1937995797.5436678,1927009257.9587195,1827686161.5067036,145542548.49891672
2024-09-13,7153.167280565595,6568.7575305653745,6316.406154965475,52866.25697138249,45713.089690816894,1938002950.7109485,1927015826.71625,1827692477.9128585,145595414.7558881
2024-09-14,9263.675940000472,8448.410940000555,8343.185940000338,17831.835145752306,8568.159205751834,1938012214.3868885,1927024275.1271899,1827700821.0987985,145613246.59103385
2024-09-15,77252.33496640425,77169.31744821648,77087.65144821517,8526.754819088697,-68725.58014731554,1938089466.721855,1927101444.444638,1827777908.7502468,145621773.34585294
2024-09-16,79240.3781472668,78937.45904700867,78768.2926470082,13251.657328935904,-65988.7208183309,1938168707.1000023,1927180381.903685,1827856677.042894,145635025.00318187
2024-09-17,3838178.7412572494,3837995.7800223427,3837863.1200222815,74865.94790935588,-3763312.7933478933,1942006885.8412595,1931018377.6837075,1831694540.1629162,145709890.95109123
2024-09-18,5936599.618703717,5936540.824169028,5936472.175319155,72098.74723404524,-5864500.871469672,1947943485.459963,1936954918.5078764,1837631012.3382354,145781989.69832528
2024-09-19,7113405.0615565535,7113026.474045254,7112974.862045212,60219.58163388074,-7053185.479922673,1955056890.5215197,1944067944.9819217,1844743987.2002807,145842209.27995917
2024-09-20,1687454.680215222,1687317.3804153379,1683809.3414153028,30029.745338157147,-1657424.934877065,1956744345.2017348,1945755262.362337,1846427796.541696,145872239.02529734
2024-09-21,675.6823047591972,568.0460299663497,529.2995599663607,7476.494022332919,6800.811717573722,1956745020.8840396,1945755830.4083672,1846428325.8412561,145879715.51931968
2024-09-22,214267.08344134723,213494.40446014563,213379.24546016025,9579.125952925226,-204687.95748842202,1956959287.967481,1945969324.8128273,1846641705.0867164,145889294.6452726
2024-09-23,614699.5409243258,614034.9291875185,614010.4931875201,15195.710718866067,-599503.8302054597,1957573987.5084052,1946583359.742015,1847255715.5799038,145904490.35599148
2024-09-24,390678.3310517123,390477.219282258,390068.6780322372,14356.080741062557,-376322.25031064975,1957964665.839457,1946973836.961297,1847645784.257936,145918846.43673253
2024-09-25,151842.69934817104,151514.8577481676,151475.86274817254,21113.820222716633,-130728.8791254544,1958116508.5388052,1947125351.8190453,1847797260.1206841,145939960.25695524
2024-09-26,6049.815681047962,4855.018989000312,4795.430894000424,28685.00500194327,22635.189320895308,1958122558.3544862,1947130206.8380344,1847802055.551578,145968645.26195717
2024-09-27,873405.0092377191,873318.6402577193,871053.6402577193,21149.909983759288,-852255.0992539598,1958995963.363724,1948003525.4782922,1848673109.1918359,145989795.17194092
2024-09-28,815615.9799016446,815159.6695517125,815094.7140517108,14383.99351737284,-801231.9863842718,1959811579.3436255,1948818685.1478438,1849488203.9058876,146004179.1654583
2024-09-29,147400.38841893646,146571.92622958584,145693.14106507497,21082.58592850118,-126317.80249043528,1959958979.7320445,1948965257.0740733,1849633897.0469527,146025261.7513868
2024-09-30,906476.3035015222,905991.6755500254,905499.2273000008,47979.8396640312,-858496.463837491,1960865456.035546,1949871248.7496233,1850539396.2742527,146073241.59105083
2024-10-01,548993.7660701458,548846.1811969578,548680.3011969579,29915.479031879233,-519078.28703826654,1961414449.8016162,1950420094.9308202,1851088076.5754497,146103157.07008272
2024-10-02,89741.26869348797,89727.95201898084,87957.4229070219,21187.490614202867,-68553.77807928511,1961504191.0703096,1950509822.8828392,1851176033.9983568,146124344.56069693
2024-10-03,3885.2087774354973,3761.3874687361745,2982.5111647360263,26698.997173424163,22813.788395988664,1961508076.279087,1950513584.270308,1851179016.5095215,146151043.55787036
2024-10-04,214904.47683817658,214033.14273814744,211803.33512233477,32651.679844565875,-182252.7969936107,1961722980.7559252,1950727617.4130461,1851390819.8446438,146183695.23771492
2024-10-05,2669.3563506250603,2512.5982106247297,1894.5013999999271,15024.477687418375,12355.121336793316,1961725650.1122758,1950730130.0112567,1851392714.3460438,146198719.71540233
2024-10-06,170707.9096299141,170572.87468591833,170540.23468591826,11502.85944069627,-159205.0501892178,1961896358.0219057,1950900702.8859427,1851563254.5807297,146210222.57484302
2024-10-07,20954.465786610606,18402.339310775515,9846.45076077672,34387.57810413547,13433.112317524865,1961917312.4876924,1950919105.2252536,1851573101.0314906,146244610.15294716
2024-10-08,418921.5991575895,417254.8699318783,415320.34850017144,29186.6527504718,-389734.9464071177,1962336234.08685,1951336360.0951855,1851988421.3799908,146273796.80569762
2024-10-09,144218.12494183276,143889.15950418648,142725.47533829848,23921.009609907793,-120297.11533192497,1962480452.2117918,1951480249.2546897,1852131146.855329,146297717.81530753
2024-10-10,307323.88475498377,306355.6028049969,305094.5168049961,18522.794805676993,-288801.0899493068,1962787776.0965466,1951786604.8574946,1852436241.372134,146316240.6101132
2024-10-11,141361.65092063375,140617.96408132053,176.71565108999786,19587.530602941526,-121774.12031769223,1962929137.7474673,1951927222.8215759,1852436418.087785,146335828.14071614
2024-10-12,1349.114007617318,616.8884833711941,0.0,18620.06865835402,17270.9546507367,1962930486.861475,1951927839.7100592,1852436418.087785,146354448.2093745
2024-10-13,142508.50735380943,141710.89268646395,0.0,13706.40893786256,-128802.09841594686,1963072995.3688288,1952069550.6027455,1852436418.087785,146368154.61831236
2024-10-14,1440440.1174688924,1439430.8093199607,0.0,26361.93119464427,-1414078.1862742482,1964513435.4862976,1953508981.4120655,1852436418.087785,146394516.549507
2024-10-15,1885532.0259143556,1885171.4696161945,0.0,33101.879526845354,-1852430.1463875102,1966398967.512212,1955394152.8816817,1852436418.087785,146427618.42903385
2024-10-16,224305.04315603472,224061.1684912431,0.0,15000.422227061148,-209304.62092897357,1966623272.5553682,1955618214.0501728,1852436418.087785,146442618.8512609
2024-10-17,192040.6904654059,192008.26027670773,0.0,5839.526391587485,-186201.16407381842,1966815313.2458336,1955810222.3104496,1852436418.087785,146448458.3776525
2024-10-18,1519224.1825514145,1253740.381683832,0.0,55259.45106612225,-1463964.7314852923,1968334537.428385,1957063962.6921334,1852436418.087785,146503717.82871863
